<resources xmlns:tools="http://schemas.android.com/tools">

    <style name="AppTheme" parent="Theme.AppCompat.Light.NoActionBar">
        <item name="colorPrimary">@color/colorPrimary</item>
        <item name="colorPrimaryDark">@color/colorPrimaryDark</item>
        <item name="colorAccent">@color/colorAccent</item>
    </style>

    <style name="AppTheme.NoActionBar">
        <item name="windowActionBar">false</item>
        <item name="windowNoTitle">true</item>
    </style>

    <style name="parent">
        <item name="android:layout_width">match_parent</item>
        <item name="android:layout_height">wrap_content</item>
    </style>

    <style name="loginParent" parent="parent">
        <item name="android:layout_height">match_parent</item>
        <item name="android:background">@color/loginBkColor</item>
        <item name="android:focusableInTouchMode">true</item>
    </style>

    <style name="headerText" parent="parent">
        <item name="android:textSize">@dimen/headerTextSize</item>
        <item name="android:textAlignment" tools:targetApi="jelly_bean_mr1">center</item>
        <item name="android:textColor">@color/whiteTextColor</item>
        <item name="android:textStyle">bold</item>
    </style>

    <style name="loginHeader">
        <item name="android:textColor">@color/primaryTextColor</item>
        <item name="android:textSize">@dimen/headerTextSize</item>
        <item name="android:textStyle">bold</item>
    </style>

    <style name="loginCard" parent="parent" />

    <style name="linearParent" parent="parent">
        <item name="android:orientation">vertical</item>
    </style>

    <style name="modifiedEditText" parent="parent">
        <item name="android:textSize">@dimen/newsMoreTextSize</item>
        <item name="android:backgroundTint" tools:targetApi="lollipop">@color/primaryTextColor</item>
    </style>

    <style name="viewParent">
        <item name="android:layout_width">wrap_content</item>
        <item name="android:layout_height">wrap_content</item>
    </style>

    <style name="loginButton" parent="viewParent">
        <item name="android:background">@drawable/login_button_bk</item>
        <item name="android:textColor">@color/whiteTextColor</item>
        <item name="android:textStyle">bold</item>
    </style>

</resources>